selectivity,method,level_name,recall,distance_computations,adjacency_reads,materialization_ms,copies_used_mean,active_degree_mean
0.001,active_c1,L3,0.99,515.0666666666667,870.0666666666667,3.3121773333372557,1.0,6.20610382023822
0.001,active_c2,L3,1.0,548.3333333333334,1710.7,3.395332000006116,2.0,12.28010674864012
0.001,active_c4,L3,1.0,559.9333333333333,3281.6,3.694985666669482,4.0,23.39692731395358
0.001,active_c8,L3,1.0,567.6666666666666,6078.066666666667,4.226172333346767,8.0,42.963469411854895
0.001,adaptive_deg,L3,1.0,541.0333333333333,1428.0333333333333,12.089830999997275,1.8062909719027476,10.926399545931186
0.001,lazy_qcap,L3,0.99,13727.133333333331,34883.5,3.3121773333372557,1.0,6.20610382023822
0.001,router1hop,L3,0.9233333333333332,801.3,1570.4666666666667,14.254826666672216,1.0,16.567525971727214
0.001,witness_c1,L3,0.99,1002.7333333333332,1265.7,4.097552999998773,1.0,6.20610382023822
0.002,active_c1,L3,0.9533333333333334,739.0666666666667,1308.6333333333334,5.035854000008537,1.0,9.269973669407626
0.002,active_c2,L3,0.9733333333333332,787.0333333333333,2566.1,5.176175000002559,2.0,18.18733781251762
0.002,active_c4,L3,0.9733333333333332,807.0333333333333,4907.233333333334,5.700655666657895,4.0,34.69747560903275
0.002,active_c8,L3,0.9733333333333332,819.5666666666667,9006.4,6.750634333333967,8.0,63.15059957051541
0.002,adaptive_deg,L3,0.9733333333333332,753.6666666666666,1539.8333333333333,13.759703666664793,1.2982862668581718,11.723691188557863
0.002,lazy_qcap,L3,0.96,6209.166666666667,10820.933333333332,5.035854000008537,1.0,9.269973669407626
0.002,router1hop,L3,0.95,969.4666666666668,1949.7,14.909179000009468,1.0,16.534537394689252
0.002,witness_c1,L3,0.9666666666666668,1420.0333333333333,1759.9,5.907788666680365,1.0,9.269973669407626
0.003,active_c1,V04,0.9366666666666668,785.9333333333333,1176.2,8.44760466666609,1.0,8.024974838290529
0.003,active_c2,V04,0.9533333333333334,918.5333333333332,2281.866666666667,8.63664166666922,2.0,15.75674196339212
0.003,active_c4,V04,0.9566666666666668,1003.6666666666666,4400.266666666666,9.652035666675827,4.0,30.35045967314143
0.003,active_c8,V04,0.9566666666666668,1052.5333333333333,8190.7,11.242021666655925,8.0,55.90039263692504
0.003,adaptive_deg,V04,0.95,837.1333333333333,1496.9666666666667,25.866192666664272,1.481007841528862,11.428961567822029
0.003,lazy_qcap,V04,0.94,9700.066666666668,18623.2,8.44760466666609,1.0,8.024974838290529
0.003,native_active_c1,L3,0.9733333333333332,890.8333333333334,1507.7333333333331,5.690052666674698,1.0,10.709888345438582
0.003,router1hop,V04,0.91,1168.6666666666667,1921.6666666666667,30.081572333330087,1.0,17.00355519258263
0.003,witness_c1,V04,0.9466666666666668,1406.2666666666669,1572.0333333333333,13.375289333339424,1.0,8.024974838290529
0.005,active_c1,V04,0.92,1041.6,1510.6333333333334,11.3551149999959,1.0,10.53015963180744
0.005,active_c2,V04,0.9533333333333334,1211.2666666666669,2943.0333333333333,11.76686599999736,2.0,20.55381442664541
0.005,active_c4,V04,0.9533333333333334,1325.2666666666669,5649.466666666666,13.047241333339343,4.0,39.38119252982598
0.005,active_c8,V04,0.9533333333333334,1394.1,10501.2,15.47420033332969,8.0,72.39261599645653
0.005,adaptive_deg,V04,0.93,1059.3333333333333,1631.9333333333334,29.0072700000034,1.1774216695815527,12.076203660473704
0.005,lazy_qcap,V04,0.9266666666666666,4302.933333333333,6470.333333333333,11.3551149999959,1.0,10.53015963180744
0.005,native_active_c1,L3,0.9766666666666668,1168.3,1783.4666666666667,6.913929666675737,1.0,12.8649429821058
0.005,router1hop,V04,0.9066666666666666,1332.8333333333333,2117.4666666666667,30.87569099999617,1.0,16.811806932237428
0.005,witness_c1,V04,0.9333333333333332,1806.2666666666669,1976.5333333333333,17.4383076666705,1.0,10.53015963180744
0.007,active_c1,V08,0.9133333333333332,1081.4,1415.7,19.367656333325083,1.0,9.418504874892433
0.007,active_c2,V08,0.9366666666666668,1362.5,2742.633333333333,20.090534666659703,2.0,18.396290794706736
0.007,active_c4,V08,0.94,1600.8,5292.7,22.514345333339254,4.0,35.32559122814174
0.007,active_c8,V08,0.94,1778.8666666666666,9835.566666666668,27.092086000000865,8.0,64.91505235386741
0.007,adaptive_deg,V08,0.9333333333333332,1128.4,1582.3,53.33670333332445,1.29757526693859,11.688899705683362
0.007,lazy_qcap,V08,0.92,5655.9,8974.433333333332,19.367656333325083,1.0,9.418504874892433
0.007,native_active_c1,L2,0.8033333333333333,878.9,1079.4666666666667,23.533378333344974,1.0,6.628051361493002
0.007,router1hop,V08,0.8433333333333334,1470.0666666666666,2091.366666666667,61.86579033332388,1.0,17.25828613395611
0.007,witness_c1,V08,0.9266666666666666,2045.9666666666667,1923.9,25.973486999987472,1.0,9.418504874892433
0.01,active_c1,V08,0.89,1257.8333333333333,1624.5666666666666,23.076061333332134,1.0,10.932334011499472
0.01,active_c2,V08,0.92,1591.9,3151.9333333333334,24.150102999991912,2.0,21.381977555278347
0.01,active_c4,V08,0.92,1880.0666666666664,6086.5,27.01237600000657,4.0,40.93402616730865
0.01,active_c8,V08,0.92,2089.4,11321.666666666666,33.07520733333528,8.0,75.19416404013967
0.01,adaptive_deg,V08,0.8933333333333333,1277.7333333333331,1694.8666666666666,58.051030333331255,1.1585504941507778,12.280236887250949
0.01,lazy_qcap,V08,0.8966666666666666,3244.133333333333,4465.033333333334,23.076061333332134,1.0,10.932334011499472
0.01,native_active_c1,L2,0.8333333333333334,1034.1666666666667,1280.4666666666667,30.346869666667924,1.0,8.206748401926456
0.01,router1hop,V08,0.86,1590.2666666666669,2206.0,62.94066533333383,1.0,17.03692254888153
0.01,witness_c1,V08,0.9133333333333332,2355.6666666666665,2160.633333333333,30.199247999992924,1.0,10.932334011499472
0.02,active_c1,L2,0.7799999999999999,1452.8666666666666,1733.9666666666667,45.61920233333202,1.0,11.327023445518437
0.02,active_c2,L2,0.83,1951.5666666666664,3338.9333333333334,48.38930966665581,2.0,22.069807127861534
0.02,active_c4,L2,0.83,2463.0666666666666,6406.2,55.40722900000598,4.0,41.95975590168271
0.02,active_c8,L2,0.83,2905.5666666666666,11814.333333333334,66.91107066666291,8.0,75.91278843812523
0.02,adaptive_deg,L2,0.7799999999999999,1468.9666666666667,1782.1666666666667,113.4294729999965,1.1391876099316467,12.474478687977564
0.02,lazy_qcap,L2,0.7899999999999999,2617.733333333333,3342.8,45.61920233333202,1.0,11.327023445518437
0.02,router1hop,L2,0.7433333333333334,1798.6666666666667,2275.0,125.88338366667055,1.0,17.183920896344627
0.02,witness_c1,L2,0.7966666666666666,3039.9333333333334,2304.0333333333333,53.73563999999457,1.0,11.327023445518437
