method,selectivity,parameter,level_name,recall,recall_p10,distance_computations,portal_computations,payload_computations,adjacency_reads,visited_cells,summary_checks_query,child_reads_query,latency_ms,valid_count,materialization_ms,materialization_summary_checks,copies_used_mean,active_degree_mean
active_c1,0.001,32,L3,0.6866666666666668,0.4,216.3,161.56666666666666,54.733333333333334,242.16666666666666,161.56666666666666,0.0,0.0,1.2275948666626846,1040.6666666666667,3.3121773333372553,11575.333333333334,1.0,6.20610382023822
active_c1,0.001,64,L3,0.8533333333333334,0.6,344.6666666666667,238.43333333333334,106.23333333333333,454.76666666666665,238.43333333333334,0.0,0.0,2.04224186666598,1040.6666666666667,3.3121773333372553,11575.333333333334,1.0,6.20610382023822
active_c1,0.001,128,L3,0.99,0.99,515.0666666666667,310.56666666666666,204.5,870.0666666666667,310.56666666666666,0.0,0.0,3.4096155000005033,1040.6666666666667,3.3121773333372553,11575.333333333334,1.0,6.20610382023822
active_c1,0.001,256,L3,1.0,1.0,743.6666666666666,352.6666666666667,391.0,1673.4666666666667,352.6666666666667,0.0,0.0,4.9302034333332285,1040.6666666666667,3.3121773333372553,11575.333333333334,1.0,6.20610382023822
active_c2,0.001,32,L3,0.7866666666666667,0.59,287.8,231.9,55.9,443.3,231.9,0.0,0.0,1.1758865666630907,1040.6666666666667,3.3953320000061162,22678.0,2.0,12.280106748640119
active_c2,0.001,64,L3,0.9366666666666668,0.89,404.46666666666664,297.53333333333336,106.93333333333334,863.3,297.53333333333336,0.0,0.0,1.9935109000025857,1040.6666666666667,3.3953320000061162,22678.0,2.0,12.280106748640119
active_c2,0.001,128,L3,1.0,1.0,548.3333333333334,343.23333333333335,205.1,1710.7,343.23333333333335,0.0,0.0,3.0868155666685957,1040.6666666666667,3.3953320000061162,22678.0,2.0,12.280106748640119
active_c2,0.001,256,L3,1.0,1.0,753.4333333333333,362.7,390.73333333333335,3317.3333333333335,362.7,0.0,0.0,4.225652966667326,1040.6666666666667,3.3953320000061162,22678.0,2.0,12.280106748640119
active_c4,0.001,32,L3,0.8266666666666667,0.68,342.4,286.6,55.8,824.1,286.6,0.0,0.0,1.242771766669648,1040.6666666666667,3.6949856666694814,43314.333333333336,4.0,23.39692731395358
active_c4,0.001,64,L3,0.9433333333333334,0.89,437.5,330.6,106.9,1655.9,330.6,0.0,0.0,1.846723200001558,1040.6666666666667,3.6949856666694814,43314.333333333336,4.0,23.39692731395358
active_c4,0.001,128,L3,1.0,1.0,559.9333333333333,354.76666666666665,205.16666666666666,3281.6,354.76666666666665,0.0,0.0,2.640521066668574,1040.6666666666667,3.6949856666694814,43314.333333333336,4.0,23.39692731395358
active_c4,0.001,256,L3,1.0,1.0,759.9,369.1666666666667,390.73333333333335,6345.5,369.1666666666667,0.0,0.0,3.6666913333334605,1040.6666666666667,3.6949856666694814,43314.333333333336,4.0,23.39692731395358
active_c8,0.001,32,L3,0.83,0.69,373.3,317.5,55.8,1540.3333333333333,317.5,0.0,0.0,1.1510995666715946,1040.6666666666667,4.226172333346767,78978.0,8.0,42.963469411854895
active_c8,0.001,64,L3,0.9433333333333334,0.89,452.43333333333334,345.43333333333334,107.0,3068.633333333333,345.43333333333334,0.0,0.0,1.6515007999970521,1040.6666666666667,4.226172333346767,78978.0,8.0,42.963469411854895
active_c8,0.001,128,L3,1.0,1.0,567.6666666666666,362.5,205.16666666666666,6078.066666666667,362.5,0.0,0.0,2.3259435999998836,1040.6666666666667,4.226172333346767,78978.0,8.0,42.963469411854895
active_c8,0.001,256,L3,1.0,1.0,772.0333333333333,381.3,390.73333333333335,11676.933333333332,381.3,0.0,0.0,3.4134959666649443,1040.6666666666667,4.226172333346767,78978.0,8.0,42.963469411854895
adaptive_deg,0.001,32,L3,0.7733333333333333,0.5,266.6333333333333,210.76666666666668,55.86666666666667,371.8,210.76666666666668,0.0,0.0,1.1593149666632978,1040.6666666666667,12.089830999997275,20630.666666666668,1.8062909719027473,10.926399545931186
adaptive_deg,0.001,64,L3,0.9333333333333333,0.8800000000000001,388.4,281.6333333333333,106.76666666666667,723.0,281.6333333333333,0.0,0.0,2.0129539999980275,1040.6666666666667,12.089830999997275,20630.666666666668,1.8062909719027473,10.926399545931186
adaptive_deg,0.001,128,L3,1.0,1.0,541.0333333333333,335.8666666666667,205.16666666666666,1428.0333333333333,335.8666666666667,0.0,0.0,3.2094084333389596,1040.6666666666667,12.089830999997275,20630.666666666668,1.8062909719027473,10.926399545931186
adaptive_deg,0.001,256,L3,1.0,1.0,752.2333333333333,361.53333333333336,390.7,2841.733333333333,361.53333333333336,0.0,0.0,4.4136690999996135,1040.6666666666667,12.089830999997275,20630.666666666668,1.8062909719027473,10.926399545931186
lazy_qcap,0.001,32,L3,0.7666666666666667,0.59,3558.5333333333333,3501.6,56.93333333333333,8798.566666666668,162.53333333333333,8798.566666666668,0.0,4.371104266663413,1040.6666666666667,3.3121773333372553,11575.333333333334,1.0,6.20610382023822
lazy_qcap,0.001,64,L3,0.9,0.7,6954.366666666667,6846.566666666667,107.8,17411.733333333334,238.9,17411.733333333334,0.0,8.053130099998876,1040.6666666666667,3.3121773333372553,11575.333333333334,1.0,6.20610382023822
lazy_qcap,0.001,128,L3,0.99,0.99,13727.133333333333,13522.433333333332,204.7,34883.5,310.56666666666666,34883.5,0.0,15.078214833327289,1040.6666666666667,3.3121773333372553,11575.333333333334,1.0,6.20610382023822
lazy_qcap,0.001,256,L3,1.0,1.0,26866.866666666665,26475.933333333334,390.93333333333334,69499.3,352.7,69499.3,0.0,27.978189666669095,1040.6666666666667,3.3121773333372553,11575.333333333334,1.0,6.20610382023822
postfilter_hnsw,0.001,500,L3,0.03666666666666667,0.0,,,0.36666666666666664,,,0.0,0.0,30.73137680000002,1040.6666666666667,0.0,0.0,0.0,0.0
postfilter_hnsw,0.001,1000,L3,0.1,0.0,,,1.0,,,0.0,0.0,30.73137680000002,1040.6666666666667,0.0,0.0,0.0,0.0
postfilter_hnsw,0.001,2000,L3,0.2,0.0,,,2.0,,,0.0,0.0,30.73137680000002,1040.6666666666667,0.0,0.0,0.0,0.0
postfilter_hnsw,0.001,4000,L3,0.39333333333333337,0.2,,,3.933333333333333,,,0.0,0.0,30.73137680000002,1040.6666666666667,0.0,0.0,0.0,0.0
postfilter_hnsw,0.001,8000,L3,0.7266666666666667,0.49000000000000005,,,7.3,,,0.0,0.0,30.73137680000002,1040.6666666666667,0.0,0.0,0.0,0.0
postfilter_hnsw,0.001,16000,L3,0.9966666666666666,1.0,,,10.0,,,0.0,0.0,30.73137680000002,1040.6666666666667,0.0,0.0,0.0,0.0
prefilter_exact,0.001,0,L3,1.0,1.0,1040.6666666666667,0.0,1040.6666666666667,0.0,0.0,0.0,0.0,0.14499166666629057,1040.6666666666667,0.0,0.0,0.0,0.0
router1hop,0.001,32,L3,0.6133333333333333,0.3,369.2,334.8666666666667,34.333333333333336,462.73333333333335,334.8666666666667,0.0,0.0,1.2461532666577568,1040.6666666666667,14.254826666672216,31076.0,1.0,16.567525971727214
router1hop,0.001,64,L3,0.8,0.6,568.1,505.03333333333336,63.06666666666667,841.6,505.03333333333336,0.0,0.0,2.184153766664091,1040.6666666666667,14.254826666672216,31076.0,1.0,16.567525971727214
router1hop,0.001,128,L3,0.9233333333333333,0.7,801.3,692.8666666666667,108.43333333333334,1570.4666666666667,692.8666666666667,0.0,0.0,3.8063449666689544,1040.6666666666667,14.254826666672216,31076.0,1.0,16.567525971727214
router1hop,0.001,256,L3,0.9966666666666666,1.0,1047.9333333333334,860.3,187.63333333333333,2970.5333333333333,860.3,0.0,0.0,6.207234466668865,1040.6666666666667,14.254826666672216,31076.0,1.0,16.567525971727214
witness_c1,0.001,32,L3,0.7899999999999999,0.59,515.2666666666667,459.8666666666667,55.4,346.2,160.16666666666666,917.8333333333334,917.8333333333334,2.2516997333307622,1040.6666666666667,4.097552999998773,14158.333333333334,1.0,6.20610382023822
witness_c1,0.001,64,L3,0.9166666666666666,0.79,761.4333333333333,654.8666666666667,106.56666666666666,651.9,238.6,1825.8333333333333,1825.8333333333333,4.050242966666436,1040.6666666666667,4.097552999998773,14158.333333333334,1.0,6.20610382023822
witness_c1,0.001,128,L3,0.99,0.99,1002.7333333333333,798.3666666666667,204.36666666666667,1265.7,310.56666666666666,3462.9333333333334,3462.9333333333334,7.096058700003027,1040.6666666666667,4.097552999998773,14158.333333333334,1.0,6.20610382023822
witness_c1,0.001,256,L3,1.0,1.0,1231.4666666666667,840.5333333333333,390.93333333333334,2071.633333333333,352.73333333333335,3462.9333333333334,3462.9333333333334,8.552948866665133,1040.6666666666667,4.097552999998773,14158.333333333334,1.0,6.20610382023822
active_c1,0.002,32,L3,0.61,0.4,320.73333333333335,241.23333333333332,79.5,356.56666666666666,241.23333333333332,0.0,0.0,1.3263137333315929,2016.6666666666667,5.035854000008537,17278.666666666668,1.0,9.269973669407626
active_c1,0.002,64,L3,0.8233333333333334,0.7,499.6,347.93333333333334,151.66666666666666,667.0333333333333,347.93333333333334,0.0,0.0,2.1626757333336855,2016.6666666666667,5.035854000008537,17278.666666666668,1.0,9.269973669407626
active_c1,0.002,128,L3,0.9533333333333334,0.89,739.0666666666667,456.56666666666666,282.5,1308.6333333333334,456.56666666666666,0.0,0.0,3.741948200000896,2016.6666666666667,5.035854000008537,17278.666666666668,1.0,9.269973669407626
active_c1,0.002,256,L3,1.0,1.0,1049.2666666666667,521.0,528.2666666666667,2568.0666666666666,521.0,0.0,0.0,5.589995366669124,2016.6666666666667,5.035854000008537,17278.666666666668,1.0,9.269973669407626
active_c2,0.002,32,L3,0.7133333333333333,0.59,415.8333333333333,335.46666666666664,80.36666666666666,649.3333333333334,335.46666666666664,0.0,0.0,1.2312030666663532,2016.6666666666667,5.176175000002559,33837.333333333336,2.0,18.18733781251762
active_c2,0.002,64,L3,0.8966666666666666,0.79,588.3666666666667,435.73333333333335,152.63333333333333,1287.7333333333333,435.73333333333335,0.0,0.0,2.1428459333312353,2016.6666666666667,5.176175000002559,33837.333333333336,2.0,18.18733781251762
active_c2,0.002,128,L3,0.9733333333333333,0.9,787.0333333333333,504.1333333333333,282.9,2566.1,504.1333333333333,0.0,0.0,3.423468266665471,2016.6666666666667,5.176175000002559,33837.333333333336,2.0,18.18733781251762
active_c2,0.002,256,L3,1.0,1.0,1066.0333333333333,537.5333333333333,528.5,5046.7,537.5333333333333,0.0,0.0,4.804693533334141,2016.6666666666667,5.176175000002559,33837.333333333336,2.0,18.18733781251762
active_c4,0.002,32,L3,0.7733333333333333,0.6,501.8666666666667,422.43333333333334,79.43333333333334,1232.0666666666666,422.43333333333334,0.0,0.0,1.2276290333337176,2016.6666666666667,5.7006556666578945,64450.666666666664,4.0,34.69747560903275
active_c4,0.002,64,L3,0.9,0.79,636.6333333333333,484.3666666666667,152.26666666666668,2463.8333333333335,484.3666666666667,0.0,0.0,2.0172770999996223,2016.6666666666667,5.7006556666578945,64450.666666666664,4.0,34.69747560903275
active_c4,0.002,128,L3,0.9733333333333333,0.9,807.0333333333333,524.1333333333333,282.9,4907.233333333334,524.1333333333333,0.0,0.0,2.9400652999981958,2016.6666666666667,5.7006556666578945,64450.666666666664,4.0,34.69747560903275
active_c4,0.002,256,L3,1.0,1.0,1076.3333333333333,547.8333333333334,528.5,9644.033333333333,547.8333333333334,0.0,0.0,4.144460666673429,2016.6666666666667,5.7006556666578945,64450.666666666664,4.0,34.69747560903275
active_c8,0.002,32,L3,0.7833333333333333,0.6,548.5333333333333,469.23333333333335,79.3,2263.3,469.23333333333335,0.0,0.0,1.2083119666660498,2016.6666666666667,6.750634333333967,117244.33333333333,8.0,63.15059957051541
active_c8,0.002,64,L3,0.9,0.79,659.4333333333333,507.23333333333335,152.2,4531.133333333333,507.23333333333335,0.0,0.0,1.8221359666644805,2016.6666666666667,6.750634333333967,117244.33333333333,8.0,63.15059957051541
active_c8,0.002,128,L3,0.9733333333333333,0.9,819.5666666666667,536.6666666666666,282.9,9006.4,536.6666666666666,0.0,0.0,2.635650766663389,2016.6666666666667,6.750634333333967,117244.33333333333,8.0,63.15059957051541
active_c8,0.002,256,L3,1.0,1.0,1089.7333333333333,561.2333333333333,528.5,17661.066666666666,561.2333333333333,0.0,0.0,3.8320097333297554,2016.6666666666667,6.750634333333967,117244.33333333333,8.0,63.15059957051541
adaptive_deg,0.002,32,L3,0.6566666666666666,0.5,339.06666666666666,259.93333333333334,79.13333333333334,402.9,259.93333333333334,0.0,0.0,1.201488300002514,2016.6666666666667,13.759703666664791,22071.0,1.2982862668581718,11.723691188557863
adaptive_deg,0.002,64,L3,0.8333333333333334,0.7,522.4333333333333,370.8,151.63333333333333,773.0,370.8,0.0,0.0,2.1366132666656767,2016.6666666666667,13.759703666664791,22071.0,1.2982862668581718,11.723691188557863
adaptive_deg,0.002,128,L3,0.9733333333333333,0.9,753.6666666666666,470.8333333333333,282.8333333333333,1539.8333333333333,470.8333333333333,0.0,0.0,3.669476366667368,2016.6666666666667,13.759703666664791,22071.0,1.2982862668581718,11.723691188557863
adaptive_deg,0.002,256,L3,1.0,1.0,1054.8666666666666,526.3666666666667,528.5,3055.5,526.3666666666667,0.0,0.0,5.417847366663864,2016.6666666666667,13.759703666664791,22071.0,1.2982862668581718,11.723691188557863
lazy_qcap,0.002,32,L3,0.69,0.49000000000000005,1658.9333333333334,1577.6666666666667,81.26666666666667,2677.133333333333,239.06666666666666,2677.133333333333,0.0,2.680671699999948,2016.6666666666667,5.035854000008537,17278.666666666668,1.0,9.269973669407626
lazy_qcap,0.002,64,L3,0.8433333333333334,0.7,3113.8,2961.3,152.5,5215.2,348.0,5215.2,0.0,4.821695533334491,2016.6666666666667,5.035854000008537,17278.666666666668,1.0,9.269973669407626
lazy_qcap,0.002,128,L3,0.9600000000000001,0.9,6209.166666666667,5926.433333333333,282.73333333333335,10820.933333333332,456.56666666666666,10820.933333333332,0.0,8.977811666665048,2016.6666666666667,5.035854000008537,17278.666666666668,1.0,9.269973669407626
lazy_qcap,0.002,256,L3,1.0,1.0,12363.233333333334,11834.966666666667,528.2666666666667,22379.766666666666,521.0,22379.766666666666,0.0,15.652042933332192,2016.6666666666667,5.035854000008537,17278.666666666668,1.0,9.269973669407626
postfilter_hnsw,0.002,500,L3,0.08333333333333333,0.0,,,0.8333333333333334,,,0.0,0.0,30.73137680000002,2016.6666666666667,0.0,0.0,0.0,0.0
postfilter_hnsw,0.002,1000,L3,0.14666666666666667,0.0,,,1.4666666666666666,,,0.0,0.0,30.73137680000002,2016.6666666666667,0.0,0.0,0.0,0.0
postfilter_hnsw,0.002,2000,L3,0.36666666666666664,0.1,,,3.6666666666666665,,,0.0,0.0,30.73137680000002,2016.6666666666667,0.0,0.0,0.0,0.0
postfilter_hnsw,0.002,4000,L3,0.77,0.39000000000000007,,,7.7,,,0.0,0.0,30.73137680000002,2016.6666666666667,0.0,0.0,0.0,0.0
postfilter_hnsw,0.002,8000,L3,0.9966666666666666,1.0,,,10.0,,,0.0,0.0,30.73137680000002,2016.6666666666667,0.0,0.0,0.0,0.0
postfilter_hnsw,0.002,16000,L3,0.9966666666666666,1.0,,,10.0,,,0.0,0.0,30.73137680000002,2016.6666666666667,0.0,0.0,0.0,0.0
prefilter_exact,0.002,0,L3,1.0,1.0,2016.6666666666667,0.0,2016.6666666666667,0.0,0.0,0.0,0.0,0.26914723332917373,2016.6666666666667,0.0,0.0,0.0,0.0
router1hop,0.002,32,L3,0.58,0.4,448.4,387.6333333333333,60.766666666666666,550.9,387.6333333333333,0.0,0.0,1.2818583999935147,2016.6666666666667,14.909179000009468,31076.0,1.0,16.534537394689252
router1hop,0.002,64,L3,0.8166666666666667,0.7,686.3333333333334,570.3,116.03333333333333,1006.6,570.3,0.0,0.0,2.249207800001803,2016.6666666666667,14.909179000009468,31076.0,1.0,16.534537394689252
router1hop,0.002,128,L3,0.95,0.9,969.4666666666667,765.4333333333333,204.03333333333333,1949.7,765.4333333333333,0.0,0.0,4.050272033333613,2016.6666666666667,14.909179000009468,31076.0,1.0,16.534537394689252
router1hop,0.002,256,L3,0.99,0.99,1272.3666666666666,915.6666666666666,356.7,3784.366666666667,915.6666666666666,0.0,0.0,6.640765900001118,2016.6666666666667,14.909179000009468,31076.0,1.0,16.534537394689252
witness_c1,0.002,32,L3,0.6866666666666668,0.4,735.0,655.1666666666666,79.83333333333333,464.46666666666664,234.9,980.6,980.6,2.3851311000044007,2016.6666666666667,5.907788666680365,20187.333333333332,1.0,9.269973669407626
witness_c1,0.002,64,L3,0.8566666666666667,0.7,1089.8,938.2,151.6,897.7333333333333,348.6666666666667,1899.2333333333333,1899.2333333333333,4.399441466672253,2016.6666666666667,5.907788666680365,20187.333333333332,1.0,9.269973669407626
witness_c1,0.002,128,L3,0.9666666666666667,0.9,1420.0333333333333,1137.6333333333334,282.4,1759.9,456.7,3616.233333333333,3616.233333333333,7.817138266664377,2016.6666666666667,5.907788666680365,20187.333333333332,1.0,9.269973669407626
witness_c1,0.002,256,L3,1.0,1.0,1730.1333333333334,1201.9,528.2333333333333,3021.133333333333,520.9666666666667,3616.233333333333,3616.233333333333,9.703862000001587,2016.6666666666667,5.907788666680365,20187.333333333332,1.0,9.269973669407626
active_c1,0.003,32,V04,0.5633333333333332,0.3,306.6666666666667,241.3,65.36666666666666,332.96666666666664,241.3,0.0,0.0,1.3208729333342717,2895.3333333333335,8.44760466666609,29886.666666666668,1.0,8.024974838290529
active_c1,0.003,64,V04,0.7733333333333333,0.59,498.96666666666664,374.8,124.16666666666667,611.8,374.8,0.0,0.0,2.183407033332211,2895.3333333333335,8.44760466666609,29886.666666666668,1.0,8.024974838290529
active_c1,0.003,128,V04,0.9366666666666668,0.89,785.9333333333333,547.0333333333333,238.9,1176.2,547.0333333333333,0.0,0.0,3.980693733338588,2895.3333333333335,8.44760466666609,29886.666666666668,1.0,8.024974838290529
active_c1,0.003,256,V04,0.9866666666666667,0.9,1182.1666666666667,726.2333333333333,455.93333333333334,2279.4,726.2333333333333,0.0,0.0,6.95903113333145,2895.3333333333335,8.44760466666609,29886.666666666668,1.0,8.024974838290529
active_c2,0.003,32,V04,0.67,0.3,434.3666666666667,369.76666666666665,64.6,608.3666666666667,369.76666666666665,0.0,0.0,1.257504199998986,2895.3333333333335,8.63664166666922,58450.0,2.0,15.75674196339212
active_c2,0.003,64,V04,0.8800000000000001,0.7,647.4333333333333,522.8333333333334,124.6,1159.9,522.8333333333334,0.0,0.0,2.226299766667239,2895.3333333333335,8.63664166666922,58450.0,2.0,15.75674196339212
active_c2,0.003,128,V04,0.9533333333333334,0.9,918.5333333333333,679.2666666666667,239.26666666666668,2281.866666666667,679.2666666666667,0.0,0.0,3.9711300333332624,2895.3333333333335,8.63664166666922,58450.0,2.0,15.75674196339212
active_c2,0.003,256,V04,1.0,1.0,1266.2333333333333,809.4666666666667,456.76666666666665,4475.566666666667,809.4666666666667,0.0,0.0,6.496857600006933,2895.3333333333335,8.63664166666922,58450.0,2.0,15.75674196339212
active_c4,0.003,32,V04,0.7200000000000001,0.4,573.0666666666667,508.5,64.56666666666666,1135.6333333333334,508.5,0.0,0.0,1.2853045000023637,2895.3333333333335,9.652035666675829,111905.33333333333,4.0,30.35045967314143
active_c4,0.003,64,V04,0.88,0.7,772.9666666666667,648.5,124.46666666666667,2230.0333333333333,648.5,0.0,0.0,2.232281466667511,2895.3333333333335,9.652035666675829,111905.33333333333,4.0,30.35045967314143
active_c4,0.003,128,V04,0.9566666666666667,0.9,1003.6666666666666,764.1666666666666,239.5,4400.266666666666,764.1666666666666,0.0,0.0,3.731699533334639,2895.3333333333335,9.652035666675829,111905.33333333333,4.0,30.35045967314143
active_c4,0.003,256,V04,1.0,1.0,1307.9,851.1333333333333,456.76666666666665,8660.733333333334,851.1333333333333,0.0,0.0,5.78170416666713,2895.3333333333335,9.652035666675829,111905.33333333333,4.0,30.35045967314143
active_c8,0.003,32,V04,0.7266666666666667,0.49000000000000005,680.0666666666667,615.3,64.76666666666667,2084.266666666667,615.3,0.0,0.0,1.289085666668181,2895.3333333333335,11.242021666655925,205051.33333333334,8.0,55.900392636925034
active_c8,0.003,64,V04,0.88,0.7,854.6666666666666,730.1333333333333,124.53333333333333,4138.8,730.1333333333333,0.0,0.0,2.189367366662509,2895.3333333333335,11.242021666655925,205051.33333333334,8.0,55.900392636925034
active_c8,0.003,128,V04,0.9566666666666667,0.9,1052.5333333333333,813.0333333333333,239.5,8190.7,813.0333333333333,0.0,0.0,3.4797065999972197,2895.3333333333335,11.242021666655925,205051.33333333334,8.0,55.900392636925034
active_c8,0.003,256,V04,1.0,1.0,1330.1333333333334,873.3666666666667,456.76666666666665,16124.6,873.3666666666667,0.0,0.0,5.117696366667701,2895.3333333333335,11.242021666655925,205051.33333333334,8.0,55.900392636925034
adaptive_deg,0.003,32,V04,0.62,0.3,341.1666666666667,277.76666666666665,63.4,397.23333333333335,277.76666666666665,0.0,0.0,1.2302629333267607,2895.3333333333335,25.866192666664272,43178.333333333336,1.481007841528862,11.428961567822027
adaptive_deg,0.003,64,V04,0.8466666666666666,0.7,547.0666666666667,422.43333333333334,124.63333333333334,756.4,422.43333333333334,0.0,0.0,2.192277466665852,2895.3333333333335,25.866192666664272,43178.333333333336,1.481007841528862,11.428961567822027
adaptive_deg,0.003,128,V04,0.95,0.9,837.1333333333333,597.8666666666667,239.26666666666668,1496.9666666666667,597.8666666666667,0.0,0.0,4.0133019666636,2895.3333333333335,25.866192666664272,43178.333333333336,1.481007841528862,11.428961567822027
adaptive_deg,0.003,256,V04,1.0,1.0,1219.8333333333333,763.0333333333333,456.8,2992.133333333333,763.0333333333333,0.0,0.0,6.896644699997978,2895.3333333333335,25.866192666664272,43178.333333333336,1.481007841528862,11.428961567822027
lazy_qcap,0.003,32,V04,0.63,0.39000000000000007,2221.4333333333334,2155.5333333333333,65.9,4042.266666666667,239.73333333333332,4042.266666666667,0.0,3.033261833330888,2895.3333333333335,8.44760466666609,29886.666666666668,1.0,8.024974838290529
lazy_qcap,0.003,64,V04,0.83,0.7,4681.766666666666,4556.266666666666,125.5,8728.233333333334,376.4,8728.233333333334,0.0,5.730393400003209,2895.3333333333335,8.44760466666609,29886.666666666668,1.0,8.024974838290529
lazy_qcap,0.003,128,V04,0.94,0.89,9700.066666666668,9460.933333333332,239.13333333333333,18623.2,547.4666666666667,18623.2,0.0,11.211311066662688,2895.3333333333335,8.44760466666609,29886.666666666668,1.0,8.024974838290529
lazy_qcap,0.003,256,V04,0.99,0.99,21266.266666666666,20810.2,456.06666666666666,42070.666666666664,726.2,42070.666666666664,0.0,22.78640453333196,2895.3333333333335,8.44760466666609,29886.666666666668,1.0,8.024974838290529
native_active_c1,0.003,32,L3,0.6766666666666666,0.49000000000000005,376.1333333333333,272.1333333333333,104.0,404.03333333333336,272.1333333333333,0.0,0.0,1.2846588666652299,2895.3333333333335,5.690052666674698,20210.666666666668,1.0,10.709888345438582
native_active_c1,0.003,64,L3,0.84,0.69,596.5333333333333,401.3,195.23333333333332,765.6333333333333,401.3,0.0,0.0,2.2701468666629885,2895.3333333333335,5.690052666674698,20210.666666666668,1.0,10.709888345438582
native_active_c1,0.003,128,L3,0.9733333333333333,0.9,890.8333333333334,527.9333333333333,362.9,1507.7333333333333,527.9333333333333,0.0,0.0,3.976042533330807,2895.3333333333335,5.690052666674698,20210.666666666668,1.0,10.709888345438582
native_active_c1,0.003,256,L3,0.9966666666666666,1.0,1273.6333333333334,607.6333333333333,666.0,2969.7,607.6333333333333,0.0,0.0,6.119123866671809,2895.3333333333335,5.690052666674698,20210.666666666668,1.0,10.709888345438582
postfilter_hnsw,0.003,500,V04,0.15666666666666668,0.0,,,1.5666666666666667,,,0.0,0.0,30.73137680000002,2895.3333333333335,0.0,0.0,0.0,0.0
postfilter_hnsw,0.003,1000,V04,0.30333333333333334,0.19000000000000006,,,3.033333333333333,,,0.0,0.0,30.73137680000002,2895.3333333333335,0.0,0.0,0.0,0.0
postfilter_hnsw,0.003,2000,V04,0.59,0.4,,,5.9,,,0.0,0.0,30.73137680000002,2895.3333333333335,0.0,0.0,0.0,0.0
postfilter_hnsw,0.003,4000,V04,0.9833333333333333,0.9,,,9.833333333333334,,,0.0,0.0,30.73137680000002,2895.3333333333335,0.0,0.0,0.0,0.0
postfilter_hnsw,0.003,8000,V04,0.9966666666666666,1.0,,,10.0,,,0.0,0.0,30.73137680000002,2895.3333333333335,0.0,0.0,0.0,0.0
postfilter_hnsw,0.003,16000,V04,0.9966666666666666,1.0,,,10.0,,,0.0,0.0,30.73137680000002,2895.3333333333335,0.0,0.0,0.0,0.0
prefilter_exact,0.003,0,V04,1.0,1.0,2895.3333333333335,0.0,2895.3333333333335,0.0,0.0,0.0,0.0,0.38527126666849654,2895.3333333333335,0.0,0.0,0.0,0.0
router1hop,0.003,32,V04,0.4966666666666667,0.3,476.3333333333333,430.96666666666664,45.36666666666667,560.9666666666667,430.96666666666664,0.0,0.0,1.3272553999987242,2895.3333333333335,30.081572333330087,63322.0,1.0,17.00355519258263
router1hop,0.003,64,V04,0.7566666666666666,0.5,751.1666666666666,664.5666666666667,86.6,994.5,664.5666666666667,0.0,0.0,2.305234066663312,2895.3333333333335,30.081572333330087,63322.0,1.0,17.00355519258263
router1hop,0.003,128,V04,0.91,0.8,1168.6666666666667,1010.4666666666667,158.2,1921.6666666666667,1010.4666666666667,0.0,0.0,4.2515525000046255,2895.3333333333335,30.081572333330087,63322.0,1.0,17.00355519258263
router1hop,0.003,256,V04,0.9666666666666667,0.9,1646.5666666666666,1369.7333333333333,276.8333333333333,3646.266666666667,1369.7333333333333,0.0,0.0,7.627609066664339,2895.3333333333335,30.081572333330087,63322.0,1.0,17.00355519258263
witness_c1,0.003,32,V04,0.59,0.3,529.3333333333334,464.73333333333335,64.6,442.96666666666664,232.66666666666666,217.23333333333332,217.23333333333332,2.3127580666634153,2895.3333333333335,13.375289333339424,48693.666666666664,1.0,8.024974838290529
witness_c1,0.003,64,V04,0.8266666666666667,0.6,892.2,768.3333333333334,123.86666666666666,840.6,372.76666666666665,430.8333333333333,430.8333333333333,4.280315233332506,2895.3333333333335,13.375289333339424,48693.666666666664,1.0,8.024974838290529
witness_c1,0.003,128,V04,0.9466666666666667,0.89,1406.2666666666667,1166.7333333333333,239.53333333333333,1572.0333333333333,546.6,831.3333333333334,831.3333333333334,7.87312430000308,2895.3333333333335,13.375289333339424,48693.666666666664,1.0,8.024974838290529
witness_c1,0.003,256,V04,0.99,0.99,1802.2,1346.3,455.9,2679.733333333333,726.1666666666666,831.3333333333334,831.3333333333334,10.772718333331,2895.3333333333335,13.375289333339424,48693.666666666664,1.0,8.024974838290529
active_c1,0.005,32,V04,0.5166666666666667,0.3,407.3,316.6333333333333,90.66666666666667,428.6,316.6333333333333,0.0,0.0,1.401428099993988,4936.666666666667,11.3551149999959,39547.0,1.0,10.530159631807441
active_c1,0.005,64,V04,0.7733333333333333,0.59,662.9333333333333,486.6333333333333,176.3,776.7666666666667,486.6333333333333,0.0,0.0,2.276787633331878,4936.666666666667,11.3551149999959,39547.0,1.0,10.530159631807441
active_c1,0.005,128,V04,0.92,0.79,1041.6,712.2,329.4,1510.6333333333334,712.2,0.0,0.0,4.189995266670128,4936.666666666667,11.3551149999959,39547.0,1.0,10.530159631807441
active_c1,0.005,256,V04,0.99,0.99,1559.0,936.9333333333333,622.0666666666667,2971.133333333333,936.9333333333333,0.0,0.0,7.385312966667357,4936.666666666667,11.3551149999959,39547.0,1.0,10.530159631807441
active_c2,0.005,32,V04,0.6366666666666667,0.39000000000000007,571.6,481.1333333333333,90.46666666666667,778.6,481.1333333333333,0.0,0.0,1.322944166665252,4936.666666666667,11.766865999997359,77210.33333333333,2.0,20.553814426645406
active_c2,0.005,64,V04,0.83,0.69,854.6666666666666,679.4,175.26666666666668,1489.0,679.4,0.0,0.0,2.308131600003094,4936.666666666667,11.766865999997359,77210.33333333333,2.0,20.553814426645406
active_c2,0.005,128,V04,0.9533333333333334,0.89,1211.2666666666667,882.6333333333333,328.6333333333333,2943.0333333333333,882.6333333333333,0.0,0.0,4.165000866664552,4936.666666666667,11.766865999997359,77210.33333333333,2.0,20.553814426645406
active_c2,0.005,256,V04,0.9966666666666666,1.0,1669.9666666666667,1048.1,621.8666666666667,5823.666666666667,1048.1,0.0,0.0,6.958561866668826,4936.666666666667,11.766865999997359,77210.33333333333,2.0,20.553814426645406
active_c4,0.005,32,V04,0.6633333333333333,0.4,746.4666666666667,656.9333333333333,89.53333333333333,1440.4,656.9333333333333,0.0,0.0,1.3324815000032686,4936.666666666667,13.047241333339343,147688.66666666666,4.0,39.38119252982598
active_c4,0.005,64,V04,0.8466666666666666,0.7,1017.0,842.1666666666666,174.83333333333334,2841.7,842.1666666666666,0.0,0.0,2.326805733337286,4936.666666666667,13.047241333339343,147688.66666666666,4.0,39.38119252982598
active_c4,0.005,128,V04,0.9533333333333334,0.89,1325.2666666666667,996.4,328.8666666666667,5649.466666666666,996.4,0.0,0.0,3.9956126000021186,4936.666666666667,13.047241333339343,147688.66666666666,4.0,39.38119252982598
active_c4,0.005,256,V04,0.9966666666666666,1.0,1732.4666666666667,1110.6,621.8666666666667,11192.166666666666,1110.6,0.0,0.0,6.285648933331345,4936.666666666667,13.047241333339343,147688.66666666666,4.0,39.38119252982598
active_c8,0.005,32,V04,0.6833333333333333,0.49000000000000005,895.4666666666667,805.1666666666666,90.3,2643.8333333333335,805.1666666666666,0.0,0.0,1.3707431000047638,4936.666666666667,15.47420033332969,270352.3333333333,8.0,72.39261599645653
active_c8,0.005,64,V04,0.85,0.7,1124.8333333333333,950.0,174.83333333333334,5251.7,950.0,0.0,0.0,2.3103583333333213,4936.666666666667,15.47420033332969,270352.3333333333,8.0,72.39261599645653
active_c8,0.005,128,V04,0.9533333333333334,0.89,1394.1,1065.1666666666667,328.93333333333334,10501.2,1065.1666666666667,0.0,0.0,3.7689870000017813,4936.666666666667,15.47420033332969,270352.3333333333,8.0,72.39261599645653
active_c8,0.005,256,V04,0.9966666666666666,1.0,1769.4333333333334,1147.5666666666666,621.8666666666667,20813.033333333333,1147.5666666666666,0.0,0.0,5.682652099996706,4936.666666666667,15.47420033332969,270352.3333333333,8.0,72.39261599645653
adaptive_deg,0.005,32,V04,0.5433333333333333,0.39000000000000007,415.76666666666665,324.7,91.06666666666666,445.1666666666667,324.7,0.0,0.0,1.2500708999975056,4936.666666666667,29.0072700000034,45685.666666666664,1.1774216695815527,12.076203660473704
adaptive_deg,0.005,64,V04,0.7766666666666667,0.5,679.0333333333333,503.56666666666666,175.46666666666667,834.1666666666666,503.56666666666666,0.0,0.0,2.2363565666675336,4936.666666666667,29.0072700000034,45685.666666666664,1.1774216695815527,12.076203660473704
adaptive_deg,0.005,128,V04,0.9299999999999999,0.8,1059.3333333333333,730.3,329.03333333333336,1631.9333333333334,730.3,0.0,0.0,4.14273166666419,4936.666666666667,29.0072700000034,45685.666666666664,1.1774216695815527,12.076203660473704
adaptive_deg,0.005,256,V04,0.99,0.99,1572.2666666666667,950.1,622.1666666666666,3244.3,950.1,0.0,0.0,7.363377033337315,4936.666666666667,29.0072700000034,45685.666666666664,1.1774216695815527,12.076203660473704
lazy_qcap,0.005,32,V04,0.5966666666666666,0.4,1240.9666666666667,1147.3,93.66666666666667,1675.4333333333334,306.9,1675.4333333333334,0.0,2.332393699998647,4936.666666666667,11.3551149999959,39547.0,1.0,10.530159631807441
lazy_qcap,0.005,64,V04,0.7966666666666667,0.6,2432.8333333333335,2255.766666666667,177.06666666666666,3450.8333333333335,482.43333333333334,3450.8333333333335,0.0,4.266210766664358,4936.666666666667,11.3551149999959,39547.0,1.0,10.530159631807441
lazy_qcap,0.005,128,V04,0.9266666666666666,0.79,4302.933333333333,3973.4333333333334,329.5,6470.333333333333,710.3666666666667,6470.333333333333,0.0,7.9269662666623235,4936.666666666667,11.3551149999959,39547.0,1.0,10.530159631807441
lazy_qcap,0.005,256,V04,0.99,0.99,8830.5,8208.433333333332,622.0666666666667,14090.666666666666,935.5,14090.666666666666,0.0,14.869895400005362,4936.666666666667,11.3551149999959,39547.0,1.0,10.530159631807441
native_active_c1,0.005,32,L3,0.6533333333333334,0.4,483.56666666666666,324.5,159.06666666666666,477.7,324.5,0.0,0.0,1.3338906666651458,4936.666666666667,6.913929666675737,24515.0,1.0,12.8649429821058
native_active_c1,0.005,64,L3,0.8733333333333333,0.7,773.2,475.7,297.5,904.8666666666667,475.7,0.0,0.0,2.331741233329391,4936.666666666667,6.913929666675737,24515.0,1.0,12.8649429821058
native_active_c1,0.005,128,L3,0.9766666666666667,0.9,1168.3,623.3666666666667,544.9333333333333,1783.4666666666667,623.3666666666667,0.0,0.0,4.152085666661757,4936.666666666667,6.913929666675737,24515.0,1.0,12.8649429821058
native_active_c1,0.005,256,L3,1.0,1.0,1704.4,726.2333333333333,978.1666666666666,3546.2,726.2333333333333,0.0,0.0,6.495296299996767,4936.666666666667,6.913929666675737,24515.0,1.0,12.8649429821058
postfilter_hnsw,0.005,500,V04,0.29333333333333333,0.09000000000000004,,,2.933333333333333,,,0.0,0.0,30.73137680000002,4936.666666666667,0.0,0.0,0.0,0.0
postfilter_hnsw,0.005,1000,V04,0.48666666666666664,0.2,,,4.866666666666666,,,0.0,0.0,30.73137680000002,4936.666666666667,0.0,0.0,0.0,0.0
postfilter_hnsw,0.005,2000,V04,0.88,0.69,,,8.8,,,0.0,0.0,30.73137680000002,4936.666666666667,0.0,0.0,0.0,0.0
postfilter_hnsw,0.005,4000,V04,0.9933333333333334,1.0,,,9.933333333333334,,,0.0,0.0,30.73137680000002,4936.666666666667,0.0,0.0,0.0,0.0
postfilter_hnsw,0.005,8000,V04,1.0,1.0,,,10.0,,,0.0,0.0,30.73137680000002,4936.666666666667,0.0,0.0,0.0,0.0
postfilter_hnsw,0.005,16000,V04,1.0,1.0,,,10.0,,,0.0,0.0,30.73137680000002,4936.666666666667,0.0,0.0,0.0,0.0
prefilter_exact,0.005,0,V04,1.0,1.0,4936.666666666667,0.0,4936.666666666667,0.0,0.0,0.0,0.0,0.753488833333904,4936.666666666667,0.0,0.0,0.0,0.0
router1hop,0.005,32,V04,0.48000000000000004,0.2,531.5666666666667,457.3333333333333,74.23333333333333,593.9666666666667,457.3333333333333,0.0,0.0,1.3144347333290323,4936.666666666667,30.87569099999617,63322.0,1.0,16.811806932237428
router1hop,0.005,64,V04,0.7633333333333333,0.59,856.7333333333333,713.9666666666667,142.76666666666668,1087.5333333333333,713.9666666666667,0.0,0.0,2.319549100002405,4936.666666666667,30.87569099999617,63322.0,1.0,16.811806932237428
router1hop,0.005,128,V04,0.9066666666666666,0.79,1332.8333333333333,1073.3666666666666,259.46666666666664,2117.4666666666667,1073.3666666666666,0.0,0.0,4.33529370000277,4936.666666666667,30.87569099999617,63322.0,1.0,16.811806932237428
router1hop,0.005,256,V04,0.9833333333333333,0.9,1905.9333333333334,1445.3,460.6333333333333,4113.233333333334,1445.3,0.0,0.0,7.91579549999805,4936.666666666667,30.87569099999617,63322.0,1.0,16.811806932237428
witness_c1,0.005,32,V04,0.5399999999999999,0.3,662.9333333333333,572.2,90.73333333333333,542.1333333333333,301.43333333333334,227.16666666666666,227.16666666666666,2.4634269333319025,4936.666666666667,17.4383076666705,62127.333333333336,1.0,10.530159631807441
witness_c1,0.005,64,V04,0.81,0.59,1133.4666666666667,956.4,177.06666666666666,1030.3333333333333,481.8666666666667,461.6333333333333,461.6333333333333,4.531822999999235,4936.666666666667,17.4383076666705,62127.333333333336,1.0,10.530159631807441
witness_c1,0.005,128,V04,0.9333333333333333,0.8,1806.2666666666667,1477.3333333333333,328.93333333333334,1976.5333333333333,709.4333333333333,908.1666666666666,908.1666666666666,8.466769066667249,4936.666666666667,17.4383076666705,62127.333333333336,1.0,10.530159631807441
witness_c1,0.005,256,V04,0.9933333333333334,1.0,2323.266666666667,1701.5333333333333,621.7333333333333,3442.0666666666666,933.6333333333333,908.1666666666666,908.1666666666666,11.65461223334224,4936.666666666667,17.4383076666705,62127.333333333336,1.0,10.530159631807441
active_c1,0.007,32,V08,0.52,0.3,394.03333333333336,321.6333333333333,72.4,410.1666666666667,321.6333333333333,0.0,0.0,1.4810418333335444,7114.666666666667,19.367656333325083,68670.66666666667,1.0,9.418504874892433
active_c1,0.007,64,V08,0.7333333333333333,0.59,660.7666666666667,514.7333333333333,146.03333333333333,746.5333333333333,514.7333333333333,0.0,0.0,2.331025299997691,7114.666666666667,19.367656333325083,68670.66666666667,1.0,9.418504874892433
active_c1,0.007,128,V08,0.9133333333333333,0.8,1081.4,797.8333333333334,283.56666666666666,1415.7,797.8333333333334,0.0,0.0,4.319241866663977,7114.666666666667,19.367656333325083,68670.66666666667,1.0,9.418504874892433
active_c1,0.007,256,V08,0.9766666666666667,0.9,1707.8,1163.5,544.3,2763.1666666666665,1163.5,0.0,0.0,8.012552133335285,7114.666666666667,19.367656333325083,68670.66666666667,1.0,9.418504874892433
active_c2,0.007,32,V08,0.59,0.3,582.5,506.96666666666664,75.53333333333333,739.2333333333333,506.96666666666664,0.0,0.0,1.367121466664874,7114.666666666667,20.090534666659703,133919.66666666666,2.0,18.396290794706736
active_c2,0.007,64,V08,0.8,0.68,907.7333333333333,760.5333333333333,147.2,1398.8,760.5333333333333,0.0,0.0,2.361650633326917,7114.666666666667,20.090534666659703,133919.66666666666,2.0,18.396290794706736
active_c2,0.007,128,V08,0.9366666666666668,0.9,1362.5,1078.3333333333333,284.1666666666667,2742.633333333333,1078.3333333333333,0.0,0.0,4.361899966665798,7114.666666666667,20.090534666659703,133919.66666666666,2.0,18.396290794706736
active_c2,0.007,256,V08,0.98,0.9,1960.6666666666667,1418.1,542.5666666666667,5395.8,1418.1,0.0,0.0,7.947039066663327,7114.666666666667,20.090534666659703,133919.66666666666,2.0,18.396290794706736
active_c4,0.007,32,V08,0.6366666666666667,0.4,807.0333333333333,731.9666666666667,75.06666666666666,1363.5666666666666,731.9666666666667,0.0,0.0,1.388829366666755,7114.666666666667,22.514345333339254,255314.66666666666,4.0,35.32559122814174
active_c4,0.007,64,V08,0.8300000000000001,0.7,1165.3,1018.5333333333333,146.76666666666668,2664.1666666666665,1018.5333333333333,0.0,0.0,2.4225643666672645,7114.666666666667,22.514345333339254,255314.66666666666,4.0,35.32559122814174
active_c4,0.007,128,V08,0.94,0.9,1600.8,1316.6333333333334,284.1666666666667,5292.7,1316.6333333333334,0.0,0.0,4.38180809999551,7114.666666666667,22.514345333339254,255314.66666666666,4.0,35.32559122814174
active_c4,0.007,256,V08,0.98,0.9,2146.633333333333,1604.1666666666667,542.4666666666667,10432.5,1604.1666666666667,0.0,0.0,7.678279899999059,7114.666666666667,22.514345333339254,255314.66666666666,4.0,35.32559122814174
active_c8,0.007,32,V08,0.65,0.4,1041.5666666666666,966.5,75.06666666666666,2501.9666666666667,966.5,0.0,0.0,1.4486294333333187,7114.666666666667,27.092086000000865,465567.6666666667,8.0,64.91505235386741
active_c8,0.007,64,V08,0.8433333333333334,0.79,1381.1,1234.1,147.0,4944.5,1234.1,0.0,0.0,2.4947222999988603,7114.666666666667,27.092086000000865,465567.6666666667,8.0,64.91505235386741
active_c8,0.007,128,V08,0.94,0.9,1778.8666666666666,1494.6666666666667,284.2,9835.566666666668,1494.6666666666667,0.0,0.0,4.357088899998492,7114.666666666667,27.092086000000865,465567.6666666667,8.0,64.91505235386741
active_c8,0.007,256,V08,0.98,0.9,2271.3333333333335,1728.8666666666666,542.4666666666667,19441.266666666666,1728.8666666666666,0.0,0.0,7.346124500002323,7114.666666666667,27.092086000000865,465567.6666666667,8.0,64.91505235386741
adaptive_deg,0.007,32,V08,0.55,0.3,428.1,354.96666666666664,73.13333333333334,461.43333333333334,354.96666666666664,0.0,0.0,1.3389301999997845,7114.666666666667,53.336703333324444,86342.33333333333,1.29757526693859,11.688899705683362
adaptive_deg,0.007,64,V08,0.7633333333333333,0.5800000000000001,692.4666666666667,545.8333333333334,146.63333333333333,816.5,545.8333333333334,0.0,0.0,2.3370216666639485,7114.666666666667,53.336703333324444,86342.33333333333,1.29757526693859,11.688899705683362
adaptive_deg,0.007,128,V08,0.9333333333333333,0.9,1128.4,844.7,283.7,1582.3,844.7,0.0,0.0,4.29578046667037,7114.666666666667,53.336703333324444,86342.33333333333,1.29757526693859,11.688899705683362
adaptive_deg,0.007,256,V08,0.98,0.9,1756.5333333333333,1212.1666666666667,544.3666666666667,3128.7,1212.1666666666667,0.0,0.0,8.092048600005342,7114.666666666667,53.336703333324444,86342.33333333333,1.29757526693859,11.688899705683362
lazy_qcap,0.007,32,V08,0.5866666666666667,0.4,1497.8333333333333,1422.0,75.83333333333333,2222.8333333333335,323.0,2222.8333333333335,0.0,2.6436118666651964,7114.666666666667,19.367656333325083,68670.66666666667,1.0,9.418504874892433
lazy_qcap,0.007,64,V08,0.76,0.69,2732.5333333333333,2583.9333333333334,148.6,4157.666666666667,510.76666666666665,4157.666666666667,0.0,4.6730681666692435,7114.666666666667,19.367656333325083,68670.66666666667,1.0,9.418504874892433
lazy_qcap,0.007,128,V08,0.92,0.89,5655.9,5370.7,285.2,8974.433333333332,795.7,8974.433333333332,0.0,9.020500466664316,7114.666666666667,19.367656333325083,68670.66666666667,1.0,9.418504874892433
lazy_qcap,0.007,256,V08,0.9766666666666667,0.9,11542.433333333332,10998.133333333333,544.3,19193.433333333334,1160.5,19193.433333333334,0.0,17.72299349999855,7114.666666666667,19.367656333325083,68670.66666666667,1.0,9.418504874892433
native_active_c1,0.007,32,L2,0.4233333333333333,0.1,305.3,253.26666666666668,52.03333333333333,319.56666666666666,253.26666666666668,0.0,0.0,1.4240665000007386,7114.666666666667,23.533378333344974,90824.0,1.0,6.628051361493002
native_active_c1,0.007,64,L2,0.6033333333333334,0.4,519.4666666666667,415.73333333333335,103.73333333333333,578.6333333333333,415.73333333333335,0.0,0.0,2.471736866669024,7114.666666666667,23.533378333344974,90824.0,1.0,6.628051361493002
native_active_c1,0.007,128,L2,0.8033333333333333,0.6,878.9,672.5,206.4,1079.4666666666667,672.5,0.0,0.0,4.432611366673693,7114.666666666667,23.533378333344974,90824.0,1.0,6.628051361493002
native_active_c1,0.007,256,L2,0.95,0.8,1445.3666666666666,1044.4666666666667,400.9,2061.6,1044.4666666666667,0.0,0.0,8.199656433333757,7114.666666666667,23.533378333344974,90824.0,1.0,6.628051361493002
postfilter_hnsw,0.007,500,V08,0.33666666666666667,0.1,,,3.3666666666666667,,,0.0,0.0,30.73137680000002,7114.666666666667,0.0,0.0,0.0,0.0
postfilter_hnsw,0.007,1000,V08,0.7,0.39000000000000007,,,7.0,,,0.0,0.0,30.73137680000002,7114.666666666667,0.0,0.0,0.0,0.0
postfilter_hnsw,0.007,2000,V08,1.0,1.0,,,10.0,,,0.0,0.0,30.73137680000002,7114.666666666667,0.0,0.0,0.0,0.0
postfilter_hnsw,0.007,4000,V08,1.0,1.0,,,10.0,,,0.0,0.0,30.73137680000002,7114.666666666667,0.0,0.0,0.0,0.0
postfilter_hnsw,0.007,8000,V08,1.0,1.0,,,10.0,,,0.0,0.0,30.73137680000002,7114.666666666667,0.0,0.0,0.0,0.0
postfilter_hnsw,0.007,16000,V08,1.0,1.0,,,10.0,,,0.0,0.0,30.73137680000002,7114.666666666667,0.0,0.0,0.0,0.0
prefilter_exact,0.007,0,V08,1.0,1.0,7114.666666666667,0.0,7114.666666666667,0.0,0.0,0.0,0.0,1.2033062000019374,7114.666666666667,0.0,0.0,0.0,0.0
router1hop,0.007,32,V08,0.4533333333333333,0.1,566.0333333333333,509.8333333333333,56.2,630.9,509.8333333333333,0.0,0.0,1.4028057333301074,7114.666666666667,61.86579033332388,126472.0,1.0,17.25828613395611
router1hop,0.007,64,V08,0.67,0.4,906.7333333333333,798.3666666666667,108.36666666666666,1101.8333333333333,798.3666666666667,0.0,0.0,2.3793626999993953,7114.666666666667,61.86579033332388,126472.0,1.0,17.25828613395611
router1hop,0.007,128,V08,0.8433333333333334,0.69,1470.0666666666666,1265.8333333333333,204.23333333333332,2091.366666666667,1265.8333333333333,0.0,0.0,4.44988936666751,7114.666666666667,61.86579033332388,126472.0,1.0,17.25828613395611
router1hop,0.007,256,V08,0.9566666666666667,0.9,2287.5666666666666,1906.9333333333334,380.6333333333333,4076.2,1906.9333333333334,0.0,0.0,8.42394343333126,7114.666666666667,61.86579033332388,126472.0,1.0,17.25828613395611
witness_c1,0.007,32,V08,0.5700000000000001,0.3,725.4333333333333,650.8666666666667,74.56666666666666,542.6,306.6,397.2,397.2,2.599152700004955,7114.666666666667,25.973486999987472,93092.66666666667,1.0,9.418504874892433
witness_c1,0.007,64,V08,0.7933333333333333,0.7,1246.5333333333333,1097.9666666666667,148.56666666666666,1016.8333333333334,505.96666666666664,775.0,775.0,4.756829033339234,7114.666666666667,25.973486999987472,93092.66666666667,1.0,9.418504874892433
witness_c1,0.007,128,V08,0.9266666666666666,0.89,2045.9666666666667,1762.4333333333334,283.53333333333336,1923.9,791.2,1487.5666666666666,1487.5666666666666,8.872862800000311,7114.666666666667,25.973486999987472,93092.66666666667,1.0,9.418504874892433
witness_c1,0.007,256,V08,0.9766666666666667,0.9,2673.8,2129.1,544.7,3277.766666666667,1157.8666666666666,1487.5666666666666,1487.5666666666666,12.550774966666722,7114.666666666667,25.973486999987472,93092.66666666667,1.0,9.418504874892433
active_c1,0.01,32,V08,0.44666666666666666,0.2,461.23333333333335,369.23333333333335,92.0,469.06666666666666,369.23333333333335,0.0,0.0,1.4888255666647865,9917.666666666666,23.076061333332138,80930.66666666667,1.0,10.932334011499472
active_c1,0.01,64,V08,0.69,0.4,764.5666666666667,588.4,176.16666666666666,848.9,588.4,0.0,0.0,2.338040200000554,9917.666666666666,23.076061333332138,80930.66666666667,1.0,10.932334011499472
active_c1,0.01,128,V08,0.89,0.8,1257.8333333333333,917.1,340.73333333333335,1624.5666666666666,917.1,0.0,0.0,4.321572366664365,9917.666666666666,23.076061333332138,80930.66666666667,1.0,10.932334011499472
active_c1,0.01,256,V08,0.9666666666666667,0.9,2004.0,1345.4666666666667,658.5333333333333,3196.4333333333334,1345.4666666666667,0.0,0.0,8.138434766667046,9917.666666666666,23.076061333332138,80930.66666666667,1.0,10.932334011499472
active_c2,0.01,32,V08,0.6033333333333333,0.39000000000000007,669.3333333333334,576.2,93.13333333333334,834.3666666666667,576.2,0.0,0.0,1.3916908999959787,9917.666666666666,24.150102999991912,157955.66666666666,2.0,21.381977555278347
active_c2,0.01,64,V08,0.81,0.69,1054.2666666666667,875.7666666666667,178.5,1598.0,875.7666666666667,0.0,0.0,2.383347466665479,9917.666666666666,24.150102999991912,157955.66666666666,2.0,21.381977555278347
active_c2,0.01,128,V08,0.92,0.8,1591.9,1251.4333333333334,340.46666666666664,3151.9333333333334,1251.4333333333334,0.0,0.0,4.426639199993095,9917.666666666666,24.150102999991912,157955.66666666666,2.0,21.381977555278347
active_c2,0.01,256,V08,0.9666666666666667,0.9,2311.8333333333335,1653.1666666666667,658.6666666666666,6258.966666666666,1653.1666666666667,0.0,0.0,8.118431533334084,9917.666666666666,24.150102999991912,157955.66666666666,2.0,21.381977555278347
active_c4,0.01,32,V08,0.64,0.5,946.0,851.4,94.6,1568.3666666666666,851.4,0.0,0.0,1.4334685666644493,9917.666666666666,27.012376000006572,301007.3333333333,4.0,40.93402616730865
active_c4,0.01,64,V08,0.83,0.7,1367.6,1187.9333333333334,179.66666666666666,3072.8333333333335,1187.9333333333334,0.0,0.0,2.4734682666680405,9917.666666666666,27.012376000006572,301007.3333333333,4.0,40.93402616730865
active_c4,0.01,128,V08,0.92,0.8,1880.0666666666666,1539.7666666666667,340.3,6086.5,1539.7666666666667,0.0,0.0,4.491411166667565,9917.666666666666,27.012376000006572,301007.3333333333,4.0,40.93402616730865
active_c4,0.01,256,V08,0.9666666666666667,0.9,2537.766666666667,1879.2,658.5666666666667,12076.566666666668,1879.2,0.0,0.0,7.903340500004674,9917.666666666666,27.012376000006572,301007.3333333333,4.0,40.93402616730865
active_c8,0.01,32,V08,0.6466666666666666,0.5,1219.4333333333334,1124.5666666666666,94.86666666666666,2893.6666666666665,1124.5666666666666,0.0,0.0,1.4907679666663398,9917.666666666666,33.07520733333528,548476.3333333334,8.0,75.19416404013967
active_c8,0.01,64,V08,0.83,0.7,1622.0333333333333,1442.6666666666667,179.36666666666667,5698.4,1442.6666666666667,0.0,0.0,2.547767200007911,9917.666666666666,33.07520733333528,548476.3333333334,8.0,75.19416404013967
active_c8,0.01,128,V08,0.92,0.8,2089.4,1749.1666666666667,340.23333333333335,11321.666666666666,1749.1666666666667,0.0,0.0,4.492047200002958,9917.666666666666,33.07520733333528,548476.3333333334,8.0,75.19416404013967
active_c8,0.01,256,V08,0.9666666666666667,0.9,2692.0333333333333,2033.4666666666667,658.5666666666667,22523.033333333333,2033.4666666666667,0.0,0.0,7.603673533329432,9917.666666666666,33.07520733333528,548476.3333333334,8.0,75.19416404013967
adaptive_deg,0.01,32,V08,0.4533333333333333,0.2,467.23333333333335,375.46666666666664,91.76666666666667,478.8666666666667,375.46666666666664,0.0,0.0,1.3023418666657942,9917.666666666666,58.051030333331255,91557.33333333333,1.1585504941507778,12.280236887250947
adaptive_deg,0.01,64,V08,0.6966666666666667,0.4,780.4666666666667,603.8666666666667,176.6,884.4666666666667,603.8666666666667,0.0,0.0,2.3028587333319215,9917.666666666666,58.051030333331255,91557.33333333333,1.1585504941507778,12.280236887250947
adaptive_deg,0.01,128,V08,0.8933333333333333,0.8,1277.7333333333333,936.6333333333333,341.1,1694.8666666666666,936.6333333333333,0.0,0.0,4.297637933332983,9917.666666666666,58.051030333331255,91557.33333333333,1.1585504941507778,12.280236887250947
adaptive_deg,0.01,256,V08,0.9666666666666667,0.9,2025.4,1366.5666666666666,658.8333333333334,3362.366666666667,1366.5666666666666,0.0,0.0,8.120387833334538,9917.666666666666,58.051030333331255,91557.33333333333,1.1585504941507778,12.280236887250947
lazy_qcap,0.01,32,V08,0.48000000000000004,0.29000000000000004,870.3333333333334,775.0333333333333,95.3,1038.3666666666666,365.73333333333335,1038.3666666666666,0.0,2.1803173666692524,9917.666666666666,23.076061333332138,80930.66666666667,1.0,10.932334011499472
lazy_qcap,0.01,64,V08,0.7200000000000001,0.5,1666.9333333333334,1487.5333333333333,179.4,2114.6666666666665,584.4333333333333,2114.6666666666665,0.0,3.868059266666061,9917.666666666666,23.076061333332138,80930.66666666667,1.0,10.932334011499472
lazy_qcap,0.01,128,V08,0.8966666666666666,0.8,3244.133333333333,2902.3333333333335,341.8,4465.033333333334,917.3666666666667,4465.033333333334,0.0,7.3943633333319285,9917.666666666666,23.076061333332138,80930.66666666667,1.0,10.932334011499472
lazy_qcap,0.01,256,V08,0.9666666666666667,0.9,6230.666666666667,5571.766666666666,658.9,9301.166666666666,1344.9,9301.166666666666,0.0,14.269596700004664,9917.666666666666,23.076061333332138,80930.66666666667,1.0,10.932334011499472
native_active_c1,0.01,32,L2,0.4633333333333333,0.3,369.3,310.2,59.1,385.9,310.2,0.0,0.0,1.4465162666681408,9917.666666666666,30.346869666667924,114166.66666666667,1.0,8.206748401926456
native_active_c1,0.01,64,L2,0.6566666666666666,0.4,609.6666666666666,493.73333333333335,115.93333333333334,674.0333333333333,493.73333333333335,0.0,0.0,2.4389996999976424,9917.666666666666,30.346869666667924,114166.66666666667,1.0,8.206748401926456
native_active_c1,0.01,128,L2,0.8333333333333334,0.7,1034.1666666666667,804.5666666666667,229.6,1280.4666666666667,804.5666666666667,0.0,0.0,4.431588066664934,9917.666666666666,30.346869666667924,114166.66666666667,1.0,8.206748401926456
native_active_c1,0.01,256,L2,0.9566666666666667,0.9,1714.7666666666667,1261.1666666666667,453.6,2499.6,1261.1666666666667,0.0,0.0,8.333575599995887,9917.666666666666,30.346869666667924,114166.66666666667,1.0,8.206748401926456
postfilter_hnsw,0.01,500,V08,0.48333333333333334,0.2,,,4.833333333333333,,,0.0,0.0,30.73137680000002,9917.666666666666,0.0,0.0,0.0,0.0
postfilter_hnsw,0.01,1000,V08,0.86,0.6,,,8.6,,,0.0,0.0,30.73137680000002,9917.666666666666,0.0,0.0,0.0,0.0
postfilter_hnsw,0.01,2000,V08,0.9966666666666666,1.0,,,9.966666666666667,,,0.0,0.0,30.73137680000002,9917.666666666666,0.0,0.0,0.0,0.0
postfilter_hnsw,0.01,4000,V08,1.0,1.0,,,10.0,,,0.0,0.0,30.73137680000002,9917.666666666666,0.0,0.0,0.0,0.0
postfilter_hnsw,0.01,8000,V08,1.0,1.0,,,10.0,,,0.0,0.0,30.73137680000002,9917.666666666666,0.0,0.0,0.0,0.0
postfilter_hnsw,0.01,16000,V08,1.0,1.0,,,10.0,,,0.0,0.0,30.73137680000002,9917.666666666666,0.0,0.0,0.0,0.0
prefilter_exact,0.01,0,V08,1.0,1.0,9917.666666666666,0.0,9917.666666666666,0.0,0.0,0.0,0.0,1.718304033336911,9917.666666666666,0.0,0.0,0.0,0.0
router1hop,0.01,32,V08,0.43,0.2,595.1333333333333,520.6333333333333,74.5,640.4333333333333,520.6333333333333,0.0,0.0,1.3902467999969303,9917.666666666666,62.94066533333383,126472.0,1.0,17.03692254888153
router1hop,0.01,64,V08,0.6799999999999999,0.49000000000000005,971.1333333333333,826.6333333333333,144.5,1140.9,826.6333333333333,0.0,0.0,2.3712709999993344,9917.666666666666,62.94066533333383,126472.0,1.0,17.03692254888153
router1hop,0.01,128,V08,0.86,0.7,1590.2666666666667,1320.4666666666667,269.8,2206.0,1320.4666666666667,0.0,0.0,4.506456366668014,9917.666666666666,62.94066533333383,126472.0,1.0,17.03692254888153
router1hop,0.01,256,V08,0.94,0.89,2489.733333333333,1975.8333333333333,513.9,4330.933333333333,1975.8333333333333,0.0,0.0,8.466495133331856,9917.666666666666,62.94066533333383,126472.0,1.0,17.03692254888153
witness_c1,0.01,32,V08,0.5266666666666667,0.3,810.4,717.5,92.9,592.0333333333333,347.46666666666664,382.3666666666667,382.3666666666667,2.6020821000012497,9917.666666666666,30.199247999992924,106916.33333333333,1.0,10.932334011499472
witness_c1,0.01,64,V08,0.75,0.49000000000000005,1430.1,1250.7,179.4,1146.5333333333333,582.8333333333334,777.6333333333333,777.6333333333333,4.85274303333559,9917.666666666666,30.199247999992924,106916.33333333333,1.0,10.932334011499472
witness_c1,0.01,128,V08,0.9133333333333333,0.8,2355.6666666666665,2013.8333333333333,341.8333333333333,2160.633333333333,916.3,1514.2666666666667,1514.2666666666667,9.101910433333652,9917.666666666666,30.199247999992924,106916.33333333333,1.0,10.932334011499472
witness_c1,0.01,256,V08,0.9700000000000001,0.9,3101.4,2442.266666666667,659.1333333333333,3736.1666666666665,1344.7333333333333,1514.2666666666667,1514.2666666666667,12.884791766674653,9917.666666666666,30.199247999992924,106916.33333333333,1.0,10.932334011499472
active_c1,0.02,32,L2,0.37,0.1,487.3333333333333,394.2,93.13333333333334,482.93333333333334,394.2,0.0,0.0,1.5645350999970258,19797.0,45.61920233333202,161929.66666666666,1.0,11.327023445518437
active_c1,0.02,64,L2,0.5966666666666666,0.4,859.6666666666666,675.3333333333334,184.33333333333334,912.1666666666666,675.3333333333334,0.0,0.0,2.4238279000021143,19797.0,45.61920233333202,161929.66666666666,1.0,11.327023445518437
active_c1,0.02,128,L2,0.7799999999999999,0.59,1452.8666666666666,1100.0333333333333,352.8333333333333,1733.9666666666667,1100.0333333333333,0.0,0.0,4.477459199997232,19797.0,45.61920233333202,161929.66666666666,1.0,11.327023445518437
active_c1,0.02,256,L2,0.9166666666666666,0.7,2401.766666666667,1716.5333333333333,685.2333333333333,3395.8333333333335,1716.5333333333333,0.0,0.0,8.533989033333,19797.0,45.61920233333202,161929.66666666666,1.0,11.327023445518437
active_c2,0.02,32,L2,0.5066666666666666,0.3,758.8,666.5666666666667,92.23333333333333,900.6,666.5666666666667,0.0,0.0,1.4525804333317183,19797.0,48.38930966665581,314264.3333333333,2.0,22.069807127861534
active_c2,0.02,64,L2,0.7066666666666667,0.4,1239.3666666666666,1056.6,182.76666666666668,1710.6333333333334,1056.6,0.0,0.0,2.4790382999981375,19797.0,48.38930966665581,314264.3333333333,2.0,22.069807127861534
active_c2,0.02,128,L2,0.83,0.69,1951.5666666666666,1601.6333333333334,349.93333333333334,3338.9333333333334,1601.6333333333334,0.0,0.0,4.617215766666997,19797.0,48.38930966665581,314264.3333333333,2.0,22.069807127861534
active_c2,0.02,256,L2,0.93,0.8,2973.4666666666667,2293.8333333333335,679.6333333333333,6621.0,2293.8333333333335,0.0,0.0,8.737428633331016,19797.0,48.38930966665581,314264.3333333333,2.0,22.069807127861534
active_c4,0.02,32,L2,0.5366666666666667,0.3,1120.1666666666667,1025.2,94.96666666666667,1676.6333333333334,1025.2,0.0,0.0,1.5134289666614602,19797.0,55.40722900000598,592992.6666666666,4.0,41.959755901682705
active_c4,0.02,64,L2,0.7,0.49000000000000005,1702.3666666666666,1518.4333333333334,183.93333333333334,3257.0333333333333,1518.4333333333334,0.0,0.0,2.618769566668296,19797.0,55.40722900000598,592992.6666666666,4.0,41.959755901682705
active_c4,0.02,128,L2,0.83,0.69,2463.0666666666666,2113.4,349.6666666666667,6406.2,2113.4,0.0,0.0,4.8023315333239225,19797.0,55.40722900000598,592992.6666666666,4.0,41.959755901682705
active_c4,0.02,256,L2,0.93,0.8,3481.3,2801.6,679.7,12730.133333333333,2801.6,0.0,0.0,8.78277166666995,19797.0,55.40722900000598,592992.6666666666,4.0,41.959755901682705
active_c8,0.02,32,L2,0.5333333333333333,0.2,1534.1666666666667,1439.6333333333334,94.53333333333333,3060.2,1439.6333333333334,0.0,0.0,1.6344158999980134,19797.0,66.91107066666291,1061421.3333333333,8.0,75.91278843812523
active_c8,0.02,64,L2,0.7100000000000001,0.49000000000000005,2156.5,1972.5666666666666,183.93333333333334,5989.9,1972.5666666666666,0.0,0.0,2.7909524666644834,19797.0,66.91107066666291,1061421.3333333333,8.0,75.91278843812523
active_c8,0.02,128,L2,0.83,0.69,2905.5666666666666,2555.9666666666667,349.6,11814.333333333334,2555.9666666666667,0.0,0.0,4.944614033331618,19797.0,66.91107066666291,1061421.3333333333,8.0,75.91278843812523
active_c8,0.02,256,L2,0.93,0.8,3879.5333333333333,3199.8333333333335,679.7,23475.433333333334,3199.8333333333335,0.0,0.0,8.790576333335784,19797.0,66.91107066666291,1061421.3333333333,8.0,75.91278843812523
adaptive_deg,0.02,32,L2,0.38666666666666666,0.1,504.26666666666665,410.26666666666665,94.0,502.6333333333333,410.26666666666665,0.0,0.0,1.336199033330369,19797.0,113.4294729999965,179849.66666666666,1.1391876099316467,12.474478687977564
adaptive_deg,0.02,64,L2,0.5966666666666666,0.39000000000000007,862.7333333333333,678.4,184.33333333333334,922.1,678.4,0.0,0.0,2.3519597666667855,19797.0,113.4294729999965,179849.66666666666,1.1391876099316467,12.474478687977564
adaptive_deg,0.02,128,L2,0.7799999999999999,0.59,1468.9666666666667,1114.7666666666667,354.2,1782.1666666666667,1114.7666666666667,0.0,0.0,4.419088600005239,19797.0,113.4294729999965,179849.66666666666,1.1391876099316467,12.474478687977564
adaptive_deg,0.02,256,L2,0.9166666666666666,0.7,2422.3333333333335,1737.6666666666667,684.6666666666666,3505.5666666666666,1737.6666666666667,0.0,0.0,8.47247666666533,19797.0,113.4294729999965,179849.66666666666,1.1391876099316467,12.474478687977564
lazy_qcap,0.02,32,L2,0.4066666666666666,0.19000000000000006,795.8666666666667,699.8,96.06666666666666,903.2,403.9,903.2,0.0,2.2007237333345606,19797.0,45.61920233333202,161929.66666666666,1.0,11.327023445518437
lazy_qcap,0.02,64,L2,0.6233333333333333,0.4,1390.4333333333334,1204.7666666666667,185.66666666666666,1643.5,671.7,1643.5,0.0,3.787727600002692,19797.0,45.61920233333202,161929.66666666666,1.0,11.327023445518437
lazy_qcap,0.02,128,L2,0.7899999999999999,0.59,2617.733333333333,2264.133333333333,353.6,3342.8,1094.4,3342.8,0.0,7.154419466666202,19797.0,45.61920233333202,161929.66666666666,1.0,11.327023445518437
lazy_qcap,0.02,256,L2,0.92,0.79,4902.066666666667,4216.766666666666,685.3,6882.6,1709.7333333333333,6882.6,0.0,13.95387376666406,19797.0,45.61920233333202,161929.66666666666,1.0,11.327023445518437
postfilter_hnsw,0.02,500,L2,0.8533333333333334,0.6,,,8.566666666666666,,,0.0,0.0,30.73137680000002,19797.0,0.0,0.0,0.0,0.0
postfilter_hnsw,0.02,1000,L2,0.9966666666666666,1.0,,,10.0,,,0.0,0.0,30.73137680000002,19797.0,0.0,0.0,0.0,0.0
postfilter_hnsw,0.02,2000,L2,0.9966666666666666,1.0,,,10.0,,,0.0,0.0,30.73137680000002,19797.0,0.0,0.0,0.0,0.0
postfilter_hnsw,0.02,4000,L2,0.9966666666666666,1.0,,,10.0,,,0.0,0.0,30.73137680000002,19797.0,0.0,0.0,0.0,0.0
postfilter_hnsw,0.02,8000,L2,0.9966666666666666,1.0,,,10.0,,,0.0,0.0,30.73137680000002,19797.0,0.0,0.0,0.0,0.0
postfilter_hnsw,0.02,16000,L2,0.9966666666666666,1.0,,,10.0,,,0.0,0.0,30.73137680000002,19797.0,0.0,0.0,0.0,0.0
prefilter_exact,0.02,0,L2,1.0,1.0,19797.0,0.0,19797.0,0.0,0.0,0.0,0.0,3.8551958666677897,19797.0,0.0,0.0,0.0,0.0
router1hop,0.02,32,L2,0.3766666666666667,0.1,624.7,545.4,79.3,648.6,545.4,0.0,0.0,1.381538300007416,19797.0,125.88338366667055,246730.0,1.0,17.183920896344627
router1hop,0.02,64,L2,0.5933333333333334,0.39000000000000007,1059.0,904.9666666666667,154.03333333333333,1177.4333333333334,904.9666666666667,0.0,0.0,2.4341680666632706,19797.0,125.88338366667055,246730.0,1.0,17.183920896344627
router1hop,0.02,128,L2,0.7433333333333334,0.5,1798.6666666666667,1511.6666666666667,287.0,2275.0,1511.6666666666667,0.0,0.0,4.576847499995059,19797.0,125.88338366667055,246730.0,1.0,17.183920896344627
router1hop,0.02,256,L2,0.8966666666666666,0.7,2946.0,2408.0,538.0,4458.433333333333,2408.0,0.0,0.0,8.783476933332205,19797.0,125.88338366667055,246730.0,1.0,17.183920896344627
witness_c1,0.02,32,L2,0.4533333333333333,0.2,1034.5666666666666,941.6,92.96666666666667,651.3333333333334,385.1,680.3333333333334,680.3333333333334,2.7890599999996843,19797.0,53.73563999999457,190425.0,1.0,11.327023445518437
witness_c1,0.02,64,L2,0.6333333333333333,0.3,1793.1666666666667,1609.1333333333334,184.03333333333333,1214.1,661.8333333333334,1285.8666666666666,1285.8666666666666,5.122625866666415,19797.0,53.73563999999457,190425.0,1.0,11.327023445518437
witness_c1,0.02,128,L2,0.7966666666666666,0.59,3039.9333333333334,2687.1666666666665,352.76666666666665,2304.0333333333333,1085.8666666666666,2468.0333333333333,2468.0333333333333,9.647920300003912,19797.0,53.73563999999457,190425.0,1.0,11.327023445518437
witness_c1,0.02,256,L2,0.9166666666666666,0.7,3992.4666666666667,3308.6666666666665,683.8,3978.633333333333,1707.3666666666666,2468.0333333333333,2468.0333333333333,13.719502833331868,19797.0,53.73563999999457,190425.0,1.0,11.327023445518437
